device,n_docs,batch_size,times_s,mean_time_s,std_time_s,throughput_docs_per_s,experiment,peak_mem_allocated_mb,peak_mem_reserved_mb,gpu_name
cpu,1000,64,"[36.2975, 22.77, 22.3088]",27.12542904700001,6.488387595957558,36.86577632624015,cpu_vs_gpu,,,Tesla T4
cpu,5000,64,"[126.1792, 109.6469, 99.901]",111.90902073033328,10.846652699152363,44.67915068302206,cpu_vs_gpu,,,Tesla T4
cpu,10000,64,"[198.5354, 197.3045, 206.9234]",200.92112245300004,4.273917205206809,49.77077510772529,cpu_vs_gpu,,,Tesla T4
cuda,1000,64,"[0.8211, 0.7702, 0.7519]",0.781075674666757,0.029264676883328587,1280.2856783712364,cpu_vs_gpu,364.77685546875,556.0,Tesla T4
cuda,5000,64,"[3.8177, 3.7167, 3.4917]",3.675385274999902,0.13627841289778747,1360.4015976257438,cpu_vs_gpu,364.77685546875,556.0,Tesla T4
cuda,10000,64,"[7.4701, 7.0167, 7.5715]",7.352783801666571,0.24122479143665435,1360.029108666763,cpu_vs_gpu,364.77685546875,558.0,Tesla T4
cuda,10000,16,"[7.8325, 7.7426, 8.0655]",7.880195252666681,0.13610292638987487,1269.0040892852205,batch_size,169.61279296875,230.0,Tesla T4
cuda,10000,32,"[7.2319, 7.7322, 7.6348]",7.532980950666645,0.2165554117845106,1327.4957238694506,batch_size,230.58935546875,342.0,Tesla T4
cuda,10000,64,"[7.6712, 7.999, 7.7156]",7.795307424333411,0.14518976428088629,1282.8230441283868,batch_size,364.77685546875,558.0,Tesla T4
cuda,10000,128,"[8.9738, 8.7045, 8.3285]",8.66896768666667,0.2646477270375671,1153.5398863443138,batch_size,633.15185546875,1046.0,Tesla T4
