query,rank,doc_id,category,cosine_similarity,text
Oil prices going up because of supply problems,1,7368,Sci/Tech,0.7247484922409058,"High Oil Prices Might Be A Blessing In Disguise The absolute price of oil has reached a new high. The growth     of the economies in China, India and the rest of Asia are increasing the demand     for oil. There are production problems in Venezuela (strikes and sabotage), Norway (strikes), Nigeria (civil war), Iraq (sabotage) and Russia (internal politics). Hurricane Ivan and other hurricanes this year disrupted     production in the Gulf of Mexico and transportation of oil in the Atlantic.     In the next decade Eastern Europe will also require more oil to feed its growing economies. The price of crude oil has led to     prices of above \$55 a barrel and lifted heating oil to a record and     natural gas to a 20-month high. Though prices may eventually fall a bit, they are likely to remain higher than we were once     accustomed.    However, all is not gloom and doom."
Oil prices going up because of supply problems,2,5113,Business,0.6802330613136292,"Tight US supplies boost oil price Oil prices have surged to two-week highs following news that supplies in the US are tightening. In New York on Thursday, the cost of a barrel of oil rose almost \$2 to \$44."
Oil prices going up because of supply problems,3,2797,Business,0.6361584663391113,Oil Holds Above \$46 Supply Worries Linger  LONDON (Reuters) - Oil prices held firm on Tuesday as China  showed no let-up in its strong import growth and U.S. Gulf  producers reported damage to offshore rigs from Hurricane Ivan.
Oil prices going up because of supply problems,4,6026,Business,0.6246870756149292,"Prices of oil drop despite sabotage Oil futures dropped by nearly \$1 per barrel yesterday despite more sabotage of Iraqi oil infrastructure, reinforcing the view among traders that prices had risen too fast earlier this summer."
Oil prices going up because of supply problems,5,5794,Business,0.6215364933013916,Oil Hits \$47 as Supply Worries Linger  LONDON (Reuters) - Oil prices hit a one month-high of \$47 a  barrel on Tuesday as China showed no let-up in its strong  import growth and traders worried that U.S. petroleum  inventories had drawn down heavily due to Hurricane Ivan.
A football team won the championship final,1,7914,Sports,0.42202305793762207,"Saints Beat Panthers, but Season Ends (AP) AP - Masters of the late-season flop, the New Orleans Saints finally won a game that mattered. Then they had to wait to see just how much it mattered. Needing to beat the Carolina Panthers to stay in playoff contention, the Saints did their part with a 21-18 victory on Sunday. But they needed outside help to get in, and failed to get it. Halfway across the country, the St. Louis Rams beat the New York Jets 32-29 in overtime, ending the season for the Saints."
A football team won the championship final,2,806,Sports,0.41933536529541016,Anglos win World Cup ENGLANDS Paul Casey and Luke Donald clinched the World Cup by one shot in Seville. The pair trailed Spain by one at the start of the final day but fired a closing alternate-shot 64 for 31 under to overhaul the local favourites.
A football team won the championship final,3,9802,Sports,0.41639596223831177,Comeback kings Bayern crowned winter champions BERLIN: Bayern Munich claimed the honorific title of winter champions showing great spirit to come from two goals down to net a point in a 2-2 draw with VfB Stuttgart at the Olympic Stadium on Saturday.
A football team won the championship final,4,9249,World,0.41501522064208984,"Football: Ferguson celebrates win Sir Alex Ferguson is ""ecstatic"" as Man Utd reach the Champions League knockout stage by beating Lyon."
A football team won the championship final,5,9144,Sports,0.41301727294921875,"Not a perfect match When does winning 18 consecutive games matter less than winning 17? When No. 17 is a Super Bowl triumph that caps the first undefeated season in NFL history -- a season in which the team leads the league in total offense, total defense, points scored, and points allowed. Members of the 1972 Miami Dolphins are quick to mention that their ..."
New smartphone released by a tech company,1,8661,Sci/Tech,0.5823183059692383,"Nokia Launching 6670 Business Phone  HELSINKI (Reuters) - Nokia unveiled a mobile phone for  business users on Thursday that incorporates a camera with a  megapixel resolution, beefing up a patchy handset portfolio  that has cost it market share."
New smartphone released by a tech company,2,693,World,0.5753166675567627,"Boom times ahead for smartphones The popularity of mobiles packed with features is set to explode as they get better and cheaper, say analysts."
New smartphone released by a tech company,3,6184,Sci/Tech,0.570716142654419,"Review: Nokia 9300 Communicator Nokia today officially announced the Nokia 9300, a smartphone that had been rumored to exist since CeBIT. The 9300 is part of the same family as its bigger brother, the 9500, and is designed for mobile professionals "
New smartphone released by a tech company,4,5593,Sci/Tech,0.5653622150421143,"Nokia Goes Hollywood (The Motley Fool) The Motley Fool - To coin a phrase: It was the best of product placements. It was the worst of product placements. On Sept. 10, Finnish cell-phone handset maker Nokia (NYSE: NOK - News) will become a major Hollywood action movie star opposite Kim Basinger. Its new Nokia 6600 videophone will get the title role in the film ""Cellular,"" distributed by Time Warner's (NYSE: TWX - News) New Line Cinema, as the heroic phone used by a police officer to track down a kidnapped Ms. Basinger."
New smartphone released by a tech company,5,7088,Sci/Tech,0.5560095310211182,"Motorola to Introduce 20 New Cell Phones (AP) AP - Motorola Inc., which is introducing 20 new cell phones as it tries to avoid slipping to No. 3 in the market, signaled its confidence Wednesday for strong holiday sales and said there are no further product delays in sight."
Elections and voting results in a foreign country,1,2469,World,0.49762433767318726,"Ghana votes in presidential poll Presidential elections are taking place in Ghana, which boasts political stability but much poverty."
Elections and voting results in a foreign country,2,6107,Sci/Tech,0.4935990571975708,"U.S. Elections Under a Microscope As the November presidential election nears, several groups are mobilizing to monitor the voting process -- including a group of observers from across the globe and over a thousand techies who will help evaluate voting machines. By Laila Weir."
Elections and voting results in a foreign country,3,6080,World,0.4921809434890747,"Slovenia, Serbia and Abkhazia Hold Elections Sunday Voters in Slovenia, Serbia and Georgia #39;s breakaway republic of Abkhazia cast ballots Sunday in elections for lawmakers and government leaders."
Elections and voting results in a foreign country,4,101,World,0.48488539457321167,"Vote counting under way in Afghan election, Karzai expected to win KABUL, Afghanistan Early results show interim Afghan president Hamid Karzai leading in that country #39;s first free presidential election."
Elections and voting results in a foreign country,5,3614,World,0.4738128185272217,"Mozambique voters head for polls The people of Mozambique, one of the world's poorest countries, are voting in presidential and parliamentary elections."
Scientists discover something about space and planets,1,5614,Sci/Tech,0.6917601227760315,"Scientists discover planets in our galactic back yard Until recently, they were able only to detect the presence of planets equivalent in size to our own neighboring gas giant Jupiter."
Scientists discover something about space and planets,2,9658,Sci/Tech,0.6368275880813599,Scientists: New Planets May Take Longer It may take much longer than scientists have thought for violent turbulence to turn grains of space dust into new planets. A NASA telescope recently discovered evidence that 
Scientists discover something about space and planets,3,6290,Sci/Tech,0.5734381675720215,Small  #39;scope spots big planet A new extra-solar planet has been identified orbiting a star 500 light years from our solar system. The discovery was made by a team using a four-inch diameter telescope to make their observations - a size 
Scientists discover something about space and planets,4,6956,Sci/Tech,0.5643863677978516,"SCIENCE IN THE NEWS Each week we present reports about science. These are about many different subjects. They can be about volcanoes exploding, developments of improved farm crops, archeology, space, new treatments for diseases."
Scientists discover something about space and planets,5,7309,Sci/Tech,0.5218036770820618,"Tiny 'David' Telescope Finds 'Goliath' Planet A newfound planet detected by a small, 4-inch-diameter telescope demonstrates that we are at the cusp of a new age of planet discovery. Soon, new worlds may be located at an accelerating pace, bringing the detection of the first Earth-sized world one step closer."
Company profits fall and shares drop,1,5961,Business,0.6188364028930664,Update 2: Tokyo Stocks End Lower on Profit Taking Tokyo stocks fell Thursday as investors took profits after five straight sessions of gains. The dollar was down against the Japanese yen.
Company profits fall and shares drop,2,6485,Sci/Tech,0.58607017993927,"Adobe Profit Up, Shares Fall on Outlook (Reuters) Reuters - Software maker Adobe Systems\Inc. on Thursday posted a quarterly profit that rose\more than one-third from a year ago, but shares fell 3 percent\after the maker of Photoshop and Acrobat software did not raise\forecasts for fiscal 2005."
Company profits fall and shares drop,3,1704,Business,0.5816218852996826,"Steel Shares Dive On Price Cuts MUMBAI, AUG 23: Shares of steel firms fell in the range of 4 to 7 per cent early on Monday after top producers slashed prices amid government concerns about spiralling inflation, traders said."
Company profits fall and shares drop,4,4705,Business,0.5771787762641907,Albertson's Second-Quarter Profits Drop The fall in earnings was due to the continuing impact of the company's California labor dispute and increased payments to health and welfare plans to fund deficits.
Company profits fall and shares drop,5,8909,Sports,0.558654248714447,"Auto Stocks Fall Despite Ford Outlook Despite a strong profit outlook from Ford Motor Co., shares of automotive stocks moved mostly lower Friday on concerns sales for the industry might not be as strong as previously expected."
Computer virus attacks and online security threats,1,7427,Sci/Tech,0.5745448470115662,"Security for Internet Users Deemed Weak Internet users at home are not nearly as safe online as they believe, according to a nationwide inspection by researchers. They found most consumers have no firewall protection, outdated antivirus software and dozens of spyware programs secretly running on their computers."
Computer virus attacks and online security threats,2,6808,Sci/Tech,0.5415366291999817,Security Beyond Antivirus Programs (washingtonpost.com) washingtonpost.com - It happens all the time to unlucky or unwise Windows users: A new computer crashes and burns after a crippling virus or worm attack. But things can fall apart inside a new PC without such outside help; everyday use can cause a slower form of rot that eventually hobbles the system as thoroughly as a virus might.
Computer virus attacks and online security threats,3,2347,Sci/Tech,0.5127043128013611,"Unprotected PCs can be hijacked in minutes (USATODAY.com) USATODAY.com - Surfing the Web has never been more risky. Simply connecting to the Internet - and doing nothing else - exposes your PC to non-stop, automated break-in attempts by intruders looking to take control of your machine surreptitiously."
Computer virus attacks and online security threats,4,9297,Sci/Tech,0.5082904100418091,Vulnerability allows scammers to hijack pop-ups Security researchers warned today of a vulnerability in most Web browsers that could allow scammers to launch phishing attacks from pop-up windows on trusted Web sites.
Computer virus attacks and online security threats,5,5560,Sci/Tech,0.5080852508544922,"Net security threats growing fast More than 30,000 PCs per day are being recruited into secret networks that spread spam and viruses, a study shows. Six months ago only 2,000 Windows machines per day were being recruited into these so-called bot nets."
Peace talks between countries in conflict,1,211,World,0.5770024061203003,Colombia Rebels May Explore Peace Talks The smaller of Colombia's two leftist rebel groups offered Tuesday to meet with a Mexican mediator to discuss possible peace talks with the government and reiterated its call for a bilateral cease-fire.
Peace talks between countries in conflict,2,7743,World,0.5744075775146484,"Sudan talks stall on security issues PEACE talks between the Sudanese government and rebel groups from the troubled region of Darfur have stalled. The talks, brokered by the African Union, are being held in Nigeria, are deadlocked over disarmament and other security issues."
Peace talks between countries in conflict,3,9918,World,0.5554692149162292,"Darfur peace talks in Abuja deadlocks over security, disarmament The African Union (AU)-sponsored talks to restore peace in war-ravaged Darfur region, western Sudanreached a deadlock again on Monday when negotiators of the Sudanese government "
Peace talks between countries in conflict,4,5553,World,0.5498286485671997,Sudan peace talks resume for south sets up a panel to investigate charges of genocide in the west of Africa #39;s largest country. A Sudanese intelligence official said the government was arming tribes to counter a perceived new rebel threat in the east.
Peace talks between countries in conflict,5,6680,World,0.5450528264045715,"Palestinians call for peace talks The Palestinian prime minister calls for new peace efforts with Israel, a day after Yasser Arafat's burial."
